"","","","","","",""
"","Topic","Class","DPP","PYQ","Status",""
"","VCRS","","","","","✔️❌🔄"
"","Analysis of VCRS","","","","",""
"","Vapour Absorption System","","","","",""
"","Gas Refrigeration","","","","",""
"","Refrigerants","","","","",""
"","Psychrometric Basics","","","","",""
"","Psychrometric","","","","",""
"","Thermodynamic Cycles","","","","",""
"","Otto Cycle Analysis","","","","",""
"","Diesel Cycle Analysis","","","","",""
"","Dual Cycle Analysis","","","","",""
"","MEP and Efficiencies","","","","",""
"","Engine Tests and Analysis","","","","",""
"","Brayton Cycle","","","","",""
"","Brayton Cycle Analysis","","","","",""
"","Reheat Cycle","","","","",""
"","Regeneration","","","","",""
"","Basics of Rankine Cycle","","","","",""
"","Modifications in Rankine Cycle","","","","",""
"","Reheat and Regeneration","","","","",""
"","Compressible Flow","","","","",""
"","Reciprocating Air Compressor","","","","",""
"","Centrifugal Air Compressor","","","","",""
"","Axial Air Compressor","","","","",""
"","Steam Turbine","","","","",""
"","Power Plant Auxiliaries","","","","",""